{
    "Robert": {
        "BL4Lenkradhaltung": [
            {
                "laptime": 96850,
                "splittimes": [
                    25660,
                    49480,
                    72710
                ]
            },
            {
                "laptime": 97860,
                "splittimes": [
                    24700,
                    49600,
                    74360
                ]
            }
        ],
        "BL4Ausweichen": [
            {
                "laptime": 50140,
                "splittimes": [
                    6950,
                    26600,
                    45610
                ],
                "speeds": [
                    82.4641616821289,
                    80.24309005737305,
                    85.88920440673829
                ]
            }
        ],
        "BL1HotlapBL1": [
            {
                "laptime": 85100,
                "splittimes": [
                    27950,
                    60650
                ]
            }
        ],
        "BL4Notbremsung": [
            {
                "laptime": 57060,
                "splittimes": [
                    7250,
                    29740,
                    51510
                ],
                "brake_distances": [
                    24.581645193163617,
                    21.530205849371093,
                    22.223758571564336
                ],
                "speeds": [
                    82.74492416381837,
                    78.55271987915039,
                    80.64775085449219
                ]
            }
        ],
        "BL4Notbremsung_Ausweichen": [
            {
                "laptime": 62840,
                "splittimes": [
                    7920,
                    32100,
                    55390
                ],
                "brake_distances": [
                    20.20005430003942,
                    25.783976188813874,
                    32.00504435450914
                ],
                "speeds": [
                    73.18667449951172,
                    85.22652969360352,
                    93.01166152954102
                ]
            }
        ]
    },
    "John": {
        "BL4Notbremsung": [
            {
                "laptime": 55750,
                "splittimes": [
                    7540,
                    28870,
                    50720
                ],
                "brake_distances": [
                    23.151625662943033,
                    22.638324362721537,
                    19.95604947624204
                ],
                "speeds": [
                    81.50598220825195,
                    80.97046737670898,
                    77.41289520263672
                ]
            }
        ]
    }
}